var,all_models_p_05,all_models_coef_pos_05,all_models_coef_neg_05,all_models_coef_min_05,all_models_coef_max_05,all_models_p_01,all_models_coef_pos_01,all_models_coef_neg_01,all_models_coef_min_01,all_models_coef_max_01,Y_models_p_05,Y_models_coef_pos_05,Y_models_coef_neg_05,Y_models_coef_min_05,Y_models_coef_max_05,Y_models_p_01,Y_models_coef_pos_01,Y_models_coef_neg_01,Y_models_coef_min_01,Y_models_coef_max_01,Q_models_p_05,Q_models_coef_pos_05,Q_models_coef_neg_05,Q_models_coef_min_05,Q_models_coef_max_05,Q_models_p_01,Q_models_coef_pos_01,Q_models_coef_neg_01,Q_models_coef_min_01,Q_models_coef_max_01,B_models_p_05,B_models_coef_pos_05,B_models_coef_neg_05,B_models_coef_min_05,B_models_coef_max_05,B_models_p_01,B_models_coef_pos_01,B_models_coef_neg_01,B_models_coef_min_01,B_models_coef_max_01,C_models_p_05,C_models_coef_pos_05,C_models_coef_neg_05,C_models_coef_min_05,C_models_coef_max_05,C_models_p_01,C_models_coef_pos_01,C_models_coef_neg_01,C_models_coef_min_01,C_models_coef_max_01,V_models_p_05,V_models_coef_pos_05,V_models_coef_neg_05,V_models_coef_min_05,V_models_coef_max_05,V_models_p_01,V_models_coef_pos_01,V_models_coef_neg_01,V_models_coef_min_01,V_models_coef_max_01,SSV_models_p_05,SSV_models_coef_pos_05,SSV_models_coef_neg_05,SSV_models_coef_min_05,SSV_models_coef_max_05,SSV_models_p_01,SSV_models_coef_pos_01,SSV_models_coef_neg_01,SSV_models_coef_min_01,SSV_models_coef_max_01,PP_models_p_05,PP_models_coef_pos_05,PP_models_coef_neg_05,PP_models_coef_min_05,PP_models_coef_max_05,PP_models_p_01,PP_models_coef_pos_01,PP_models_coef_neg_01,PP_models_coef_min_01,PP_models_coef_max_01,l1_models_p_05,l1_models_coef_pos_05,l1_models_coef_neg_05,l1_models_coef_min_05,l1_models_coef_max_05,l1_models_p_01,l1_models_coef_pos_01,l1_models_coef_neg_01,l1_models_coef_min_01,l1_models_coef_max_01,l2_models_p_05,l2_models_coef_pos_05,l2_models_coef_neg_05,l2_models_coef_min_05,l2_models_coef_max_05,l2_models_p_01,l2_models_coef_pos_01,l2_models_coef_neg_01,l2_models_coef_min_01,l2_models_coef_max_01,l3_models_p_05,l3_models_coef_pos_05,l3_models_coef_neg_05,l3_models_coef_min_05,l3_models_coef_max_05,l3_models_p_01,l3_models_coef_pos_01,l3_models_coef_neg_01,l3_models_coef_min_01,l3_models_coef_max_01,l4_models_p_05,l4_models_coef_pos_05,l4_models_coef_neg_05,l4_models_coef_min_05,l4_models_coef_max_05,l4_models_p_01,l4_models_coef_pos_01,l4_models_coef_neg_01,l4_models_coef_min_01,l4_models_coef_max_01
sp48_11,3,3,0,1.008516,1.475565,1,1,0,1.314144,1.314144,2,2,0,1.008516,1.314144,1,1,0,1.314144,1.314144,1,1,0,1.475565,1.475565,0,0,0,NA,NA,3,3,0,1.008516,1.475565,1,1,0,1.314144,1.314144,0,0,0,NA,NA,0,0,0,NA,NA,1,1,0,1.314144,1.314144,1,1,0,1.314144,1.314144,1,1,0,1.475565,1.475565,0,0,0,NA,NA,1,1,0,1.008516,1.008516,0,0,0,NA,NA,0,0,0,NA,NA,0,0,0,NA,NA,0,0,0,NA,NA,0,0,0,NA,NA,3,3,0,1.008516,1.475565,1,1,0,1.314144,1.314144,0,0,0,NA,NA,0,0,0,NA,NA
sp48_24,12,10,2,0.9377458,1.273026,12,10,2,0.9377458,1.273026,6,6,0,1.000513,1.108397,6,6,0,1.000513,1.108397,6,4,2,0.9377458,1.273026,6,4,2,0.9377458,1.273026,2,2,0,1.003538,1.273026,2,2,0,1.003538,1.273026,10,8,2,0.9377458,1.11084,10,8,2,0.9377458,1.11084,6,5,1,0.9377458,1.273026,6,5,1,0.9377458,1.273026,0,0,0,NA,NA,0,0,0,NA,NA,6,5,1,0.9990858,1.003538,6,5,1,0.9990858,1.003538,4,2,2,0.9377458,1.107367,4,2,2,0.9377458,1.107367,4,4,0,1.001501,1.11084,4,4,0,1.001501,1.11084,4,4,0,1.000513,1.273026,4,4,0,1.000513,1.273026,0,0,0,NA,NA,0,0,0,NA,NA
sp48_25,7,0,7,0.8462388,0.9992751,6,0,6,0.8564563,0.9992751,3,0,3,0.9629418,0.9992751,3,0,3,0.9629418,0.9992751,4,0,4,0.8462388,0.9973018,3,0,3,0.8564563,0.9973018,0,0,0,NA,NA,0,0,0,NA,NA,7,0,7,0.8462388,0.9992751,6,0,6,0.8564563,0.9992751,2,0,2,0.8831346,0.9694728,2,0,2,0.8831346,0.9694728,3,0,3,0.8462388,0.9629418,2,0,2,0.8564563,0.9629418,2,0,2,0.9973018,0.9992751,2,0,2,0.9973018,0.9992751,1,0,1,0.8462388,0.8462388,0,0,0,NA,NA,0,0,0,NA,NA,0,0,0,NA,NA,0,0,0,NA,NA,0,0,0,NA,NA,6,0,6,0.8564563,0.9992751,6,0,6,0.8564563,0.9992751
sp48_26,12,11,1,0.9980835,1.248783,2,2,0,1.000754,1.040619,6,5,1,0.9980835,1.093545,2,2,0,1.000754,1.040619,6,6,0,1.001487,1.248783,0,0,0,NA,NA,2,1,1,0.9980835,1.248783,0,0,0,NA,NA,10,10,0,1.000754,1.211762,2,2,0,1.000754,1.040619,3,3,0,1.040619,1.093545,1,1,0,1.040619,1.040619,4,4,0,1.121498,1.248783,0,0,0,NA,NA,5,4,1,0.9980835,1.001637,1,1,0,1.000754,1.000754,3,3,0,1.001566,1.211762,0,0,0,NA,NA,1,1,0,1.001637,1.001637,0,0,0,NA,NA,5,5,0,1.000754,1.121498,2,2,0,1.000754,1.040619,3,2,1,0.9980835,1.248783,0,0,0,NA,NA
sp48_27,1,1,0,1.025096,1.025096,0,0,0,NA,NA,1,1,0,1.025096,1.025096,0,0,0,NA,NA,0,0,0,NA,NA,0,0,0,NA,NA,0,0,0,NA,NA,0,0,0,NA,NA,1,1,0,1.025096,1.025096,0,0,0,NA,NA,0,0,0,NA,NA,0,0,0,NA,NA,1,1,0,1.025096,1.025096,0,0,0,NA,NA,0,0,0,NA,NA,0,0,0,NA,NA,0,0,0,NA,NA,0,0,0,NA,NA,0,0,0,NA,NA,0,0,0,NA,NA,0,0,0,NA,NA,0,0,0,NA,NA,1,1,0,1.025096,1.025096,0,0,0,NA,NA
sp48_28,6,0,6,0.965465,0.9993773,1,0,1,0.9973686,0.9973686,4,0,4,0.965465,0.9993773,0,0,0,NA,NA,2,0,2,0.9973686,0.9983849,1,0,1,0.9973686,0.9973686,0,0,0,NA,NA,0,0,0,NA,NA,6,0,6,0.965465,0.9993773,1,0,1,0.9973686,0.9973686,1,0,1,0.9865191,0.9865191,0,0,0,NA,NA,1,0,1,0.965465,0.965465,0,0,0,NA,NA,4,0,4,0.9973686,0.9993773,1,0,1,0.9973686,0.9973686,1,0,1,0.9977116,0.9977116,0,0,0,NA,NA,0,0,0,NA,NA,0,0,0,NA,NA,2,0,2,0.9973686,0.9993773,1,0,1,0.9973686,0.9973686,3,0,3,0.965465,0.9983849,0,0,0,NA,NA
sp48_4,10,5,5,1.08e-08,2.177961,8,3,5,1.08e-08,2.177961,4,4,0,1.002472,2.177961,3,3,0,1.010372,2.177961,6,1,5,1.08e-08,1.003816,5,0,5,1.08e-08,0.9955434,0,0,0,NA,NA,0,0,0,NA,NA,10,5,5,1.08e-08,2.177961,8,3,5,1.08e-08,2.177961,3,1,2,1.08e-08,2.177961,3,1,2,1.08e-08,2.177961,2,1,1,0.504913,1.637673,2,1,1,0.504913,1.637673,5,3,2,0.993559,1.010372,3,1,2,0.993559,1.010372,3,0,3,0.468476,0.993559,3,0,3,0.468476,0.993559,4,3,1,0.9955434,2.177961,4,3,1,0.9955434,2.177961,2,2,0,1.002472,1.003816,0,0,0,NA,NA,1,0,1,1.08e-08,1.08e-08,1,0,1,1.08e-08,1.08e-08
sp48_5,2,2,0,1.218253,1.3716,0,0,0,NA,NA,0,0,0,NA,NA,0,0,0,NA,NA,2,2,0,1.218253,1.3716,0,0,0,NA,NA,0,0,0,NA,NA,0,0,0,NA,NA,2,2,0,1.218253,1.3716,0,0,0,NA,NA,1,1,0,1.218253,1.218253,0,0,0,NA,NA,1,1,0,1.3716,1.3716,0,0,0,NA,NA,0,0,0,NA,NA,0,0,0,NA,NA,2,2,0,1.218253,1.3716,0,0,0,NA,NA,0,0,0,NA,NA,0,0,0,NA,NA,0,0,0,NA,NA,0,0,0,NA,NA,0,0,0,NA,NA,0,0,0,NA,NA
sp48_6,3,0,3,0.5260277,0.7378662,0,0,0,NA,NA,1,0,1,0.5260277,0.5260277,0,0,0,NA,NA,2,0,2,0.6013791,0.7378662,0,0,0,NA,NA,3,0,3,0.5260277,0.7378662,0,0,0,NA,NA,0,0,0,NA,NA,0,0,0,NA,NA,0,0,0,NA,NA,0,0,0,NA,NA,3,0,3,0.5260277,0.7378662,0,0,0,NA,NA,0,0,0,NA,NA,0,0,0,NA,NA,1,0,1,0.5260277,0.5260277,0,0,0,NA,NA,1,0,1,0.6013791,0.6013791,0,0,0,NA,NA,1,0,1,0.7378662,0.7378662,0,0,0,NA,NA,0,0,0,NA,NA,0,0,0,NA,NA
sp48_7,11,7,4,0.9396033,2.697076,5,4,1,0.9967113,2.697076,5,2,3,0.9822937,2.697076,2,1,1,0.9967113,2.697076,6,5,1,0.9396033,2.061874,3,3,0,1.008152,2.061874,8,7,1,0.9967113,2.697076,5,4,1,0.9967113,2.697076,3,0,3,0.9396033,0.999733,0,0,0,NA,NA,5,3,2,0.9396033,2.697076,2,2,0,1.975571,2.697076,1,1,0,2.061874,2.061874,1,1,0,2.061874,2.061874,5,3,2,0.9967113,1.011351,2,1,1,0.9967113,1.008152,5,5,0,1.008152,2.697076,4,4,0,1.008152,2.697076,1,1,0,1.52994,1.52994,0,0,0,NA,NA,1,1,0,1.003794,1.003794,0,0,0,NA,NA,4,0,4,0.9396033,0.999733,1,0,1,0.9967113,0.9967113
sp48_8,2,2,0,1.310869,1.402088,0,0,0,NA,NA,1,1,0,1.310869,1.310869,0,0,0,NA,NA,1,1,0,1.402088,1.402088,0,0,0,NA,NA,2,2,0,1.310869,1.402088,0,0,0,NA,NA,0,0,0,NA,NA,0,0,0,NA,NA,2,2,0,1.310869,1.402088,0,0,0,NA,NA,0,0,0,NA,NA,0,0,0,NA,NA,0,0,0,NA,NA,0,0,0,NA,NA,0,0,0,NA,NA,0,0,0,NA,NA,0,0,0,NA,NA,0,0,0,NA,NA,2,2,0,1.310869,1.402088,0,0,0,NA,NA,0,0,0,NA,NA,0,0,0,NA,NA
sp75_100,13,13,0,1.00137,3.810218,7,7,0,1.003901,2.714115,7,7,0,1.00137,1.382246,5,5,0,1.003901,1.375938,6,6,0,1.003408,3.810218,2,2,0,1.266348,2.714115,2,2,0,2.714115,3.810218,1,1,0,2.714115,2.714115,11,11,0,1.00137,1.393133,6,6,0,1.003901,1.375938,7,7,0,1.091261,3.810218,5,5,0,1.091261,2.714115,1,1,0,1.382246,1.382246,0,0,0,NA,NA,5,5,0,1.00137,1.005105,2,2,0,1.003901,1.004317,6,6,0,1.004317,3.810218,2,2,0,1.004317,1.375938,2,2,0,1.003901,1.328047,2,2,0,1.003901,1.328047,5,5,0,1.00137,2.714115,3,3,0,1.091261,2.714115,0,0,0,NA,NA,0,0,0,NA,NA
sp75_1002,4,3,1,0.9981489,1.109071,1,1,0,1.000557,1.000557,0,0,0,NA,NA,0,0,0,NA,NA,4,3,1,0.9981489,1.109071,1,1,0,1.000557,1.000557,1,0,1,0.9981489,0.9981489,0,0,0,NA,NA,3,3,0,1.000557,1.109071,1,1,0,1.000557,1.000557,1,1,0,1.027657,1.027657,0,0,0,NA,NA,1,1,0,1.109071,1.109071,0,0,0,NA,NA,2,1,1,0.9981489,1.000557,1,1,0,1.000557,1.000557,0,0,0,NA,NA,0,0,0,NA,NA,0,0,0,NA,NA,0,0,0,NA,NA,0,0,0,NA,NA,0,0,0,NA,NA,4,3,1,0.9981489,1.109071,1,1,0,1.000557,1.000557
sp75_1003,13,1,12,0.8583484,1.000214,6,0,6,0.8583484,0.9987,5,0,5,0.9141486,0.9995309,1,0,1,0.9583569,0.9583569,8,1,7,0.8583484,1.000214,5,0,5,0.8583484,0.9987,0,0,0,NA,NA,0,0,0,NA,NA,13,1,12,0.8583484,1.000214,6,0,6,0.8583484,0.9987,6,0,6,0.8822666,0.9913452,4,0,4,0.8822666,0.9640021,3,0,3,0.8583484,0.9141486,1,0,1,0.8583484,0.8583484,4,1,3,0.9987,1.000214,1,0,1,0.9987,0.9987,6,0,6,0.8583484,0.9995309,4,0,4,0.8583484,0.9987,4,0,4,0.884318,0.998965,1,0,1,0.9049762,0.9049762,2,0,2,0.9640021,0.9913452,1,0,1,0.9640021,0.9640021,1,1,0,1.000214,1.000214,0,0,0,NA,NA
sp75_1003_2,8,1,7,0.9219159,3.246075,5,0,5,0.9983752,0.9996703,3,0,3,0.9983752,0.9996703,3,0,3,0.9983752,0.9996703,5,1,4,0.9219159,3.246075,2,0,2,0.9986332,0.9986816,1,1,0,3.246075,3.246075,0,0,0,NA,NA,7,0,7,0.9219159,0.9996703,5,0,5,0.9983752,0.9996703,2,1,1,0.9219159,3.246075,0,0,0,NA,NA,0,0,0,NA,NA,0,0,0,NA,NA,6,0,6,0.9983752,0.9996703,5,0,5,0.9983752,0.9996703,2,0,2,0.998627,0.9990115,1,0,1,0.998627,0.998627,2,0,2,0.9983752,0.9986816,2,0,2,0.9983752,0.9986816,3,0,3,0.9219159,0.9996703,2,0,2,0.9986332,0.9996703,1,1,0,3.246075,3.246075,0,0,0,NA,NA
sp75_1311,6,0,6,0.2168187,0.9887419,1,0,1,0.2168187,0.2168187,2,0,2,0.9807788,0.9821923,0,0,0,NA,NA,4,0,4,0.2168187,0.9887419,1,0,1,0.2168187,0.2168187,6,0,6,0.2168187,0.9887419,1,0,1,0.2168187,0.2168187,0,0,0,NA,NA,0,0,0,NA,NA,2,0,2,0.4374859,0.4975435,0,0,0,NA,NA,1,0,1,0.2168187,0.2168187,1,0,1,0.2168187,0.2168187,3,0,3,0.9807788,0.9887419,0,0,0,NA,NA,2,0,2,0.4975435,0.9807788,0,0,0,NA,NA,1,0,1,0.9821923,0.9821923,0,0,0,NA,NA,3,0,3,0.2168187,0.9887419,1,0,1,0.2168187,0.2168187,0,0,0,NA,NA,0,0,0,NA,NA
sp75_1315,11,0,11,0.4124934,0.9887877,4,0,4,0.4124934,0.9887877,5,0,5,0.5468427,0.7169297,1,0,1,0.7027023,0.7027023,6,0,6,0.4124934,0.9887877,3,0,3,0.4124934,0.9887877,3,0,3,0.5468427,0.6098018,0,0,0,NA,NA,8,0,8,0.4124934,0.9887877,4,0,4,0.4124934,0.9887877,4,0,4,0.413901,0.7169297,1,0,1,0.5526177,0.5526177,5,0,5,0.4124934,0.7027023,2,0,2,0.4124934,0.7027023,2,0,2,0.9808492,0.9887877,1,0,1,0.9887877,0.9887877,0,0,0,NA,NA,0,0,0,NA,NA,3,0,3,0.5526177,0.9887877,2,0,2,0.5526177,0.9887877,7,0,7,0.4124934,0.9808492,2,0,2,0.4124934,0.7027023,1,0,1,0.5763116,0.5763116,0,0,0,NA,NA
sp75_1316,10,0,10,0.2211051,0.991746,2,0,2,0.4191353,0.991746,7,0,7,0.2211051,0.991746,1,0,1,0.991746,0.991746,3,0,3,0.3720082,0.9891925,1,0,1,0.4191353,0.4191353,8,0,8,0.2211051,0.991746,2,0,2,0.4191353,0.991746,2,0,2,0.7623408,0.7624126,0,0,0,NA,NA,2,0,2,0.7623408,0.7624126,0,0,0,NA,NA,4,0,4,0.2211051,0.5920688,1,0,1,0.4191353,0.4191353,4,0,4,0.9735151,0.991746,1,0,1,0.991746,0.991746,3,0,3,0.2211051,0.7623408,0,0,0,NA,NA,2,0,2,0.7624126,0.9735151,0,0,0,NA,NA,3,0,3,0.4191353,0.991746,2,0,2,0.4191353,0.991746,2,0,2,0.5920688,0.98814,0,0,0,NA,NA
sp75_1318,14,2,12,3.15e-09,3.423139,14,2,12,3.15e-09,3.423139,6,0,6,7.49e-09,0.9947649,6,0,6,7.49e-09,0.9947649,8,2,6,3.15e-09,3.423139,8,2,6,3.15e-09,3.423139,2,0,2,0.0027245,0.992762,2,0,2,0.0027245,0.992762,12,2,10,3.15e-09,3.423139,12,2,10,3.15e-09,3.423139,1,0,1,0.0027245,0.0027245,1,0,1,0.0027245,0.0027245,6,1,5,3.15e-09,3.423139,6,1,5,3.15e-09,3.423139,7,1,6,0.4765019,1.048263,7,1,6,0.4765019,1.048263,2,2,0,1.048263,3.423139,2,2,0,1.048263,3.423139,3,0,3,6.97e-08,0.4765019,3,0,3,6.97e-08,0.4765019,4,0,4,3.15e-09,0.4866182,4,0,4,3.15e-09,0.4866182,5,0,5,0.6842995,0.9947649,5,0,5,0.6842995,0.9947649
sp75_1322,9,9,0,1.249894,4.7e+09,6,6,0,1.82998,4.7e+09,4,4,0,1.249894,1.5e+08,2,2,0,1.990212,1.5e+08,5,5,0,1.824831,4.7e+09,4,4,0,1.82998,4.7e+09,0,0,0,NA,NA,0,0,0,NA,NA,9,9,0,1.249894,4.7e+09,6,6,0,1.82998,4.7e+09,6,6,0,1.249894,3.076237,3,3,0,1.82998,3.076237,3,3,0,4.400182,4.7e+09,3,3,0,4.400182,4.7e+09,0,0,0,NA,NA,0,0,0,NA,NA,1,1,0,4.400182,4.400182,1,1,0,4.400182,4.400182,2,2,0,1.564008,1.82998,1,1,0,1.82998,1.82998,4,4,0,1.249894,4.7e+09,2,2,0,1.5e+08,4.7e+09,2,2,0,1.990212,3.076237,2,2,0,1.990212,3.076237
sp75_1400,4,3,1,0.9979205,1.170827,1,1,0,1.14959,1.14959,3,3,0,1.036783,1.170827,1,1,0,1.14959,1.14959,1,0,1,0.9979205,0.9979205,0,0,0,NA,NA,0,0,0,NA,NA,0,0,0,NA,NA,4,3,1,0.9979205,1.170827,1,1,0,1.14959,1.14959,0,0,0,NA,NA,0,0,0,NA,NA,3,3,0,1.036783,1.170827,1,1,0,1.14959,1.14959,1,0,1,0.9979205,0.9979205,0,0,0,NA,NA,1,1,0,1.170827,1.170827,0,0,0,NA,NA,2,1,1,0.9979205,1.14959,1,1,0,1.14959,1.14959,1,1,0,1.036783,1.036783,0,0,0,NA,NA,0,0,0,NA,NA,0,0,0,NA,NA
sp75_1400_1,2,0,2,0.1151191,0.3803084,0,0,0,NA,NA,0,0,0,NA,NA,0,0,0,NA,NA,2,0,2,0.1151191,0.3803084,0,0,0,NA,NA,2,0,2,0.1151191,0.3803084,0,0,0,NA,NA,0,0,0,NA,NA,0,0,0,NA,NA,0,0,0,NA,NA,0,0,0,NA,NA,2,0,2,0.1151191,0.3803084,0,0,0,NA,NA,0,0,0,NA,NA,0,0,0,NA,NA,1,0,1,0.1151191,0.1151191,0,0,0,NA,NA,0,0,0,NA,NA,0,0,0,NA,NA,0,0,0,NA,NA,0,0,0,NA,NA,1,0,1,0.3803084,0.3803084,0,0,0,NA,NA
sp75_1403_10,30,30,0,1.0001,11.29805,14,14,0,1.000109,1.090347,14,14,0,1.0001,11.29805,5,5,0,1.000109,1.051802,16,16,0,1.000329,2.233641,9,9,0,1.000329,1.090347,14,14,0,1.001563,11.29805,4,4,0,1.001563,1.017424,16,16,0,1.0001,1.090347,10,10,0,1.000109,1.090347,5,5,0,1.003157,1.308289,0,0,0,NA,NA,11,11,0,1.013673,11.29805,5,5,0,1.013673,1.090347,14,14,0,1.0001,1.017424,9,9,0,1.000109,1.017424,8,8,0,1.000301,2.233641,3,3,0,1.000803,1.084119,8,8,0,1.000378,11.29805,4,4,0,1.000991,1.090347,9,9,0,1.0001,1.534261,4,4,0,1.000389,1.042054,5,5,0,1.000109,1.135636,3,3,0,1.000109,1.001563
sp75_1403_5,14,0,14,0.945946,0.9999723,3,0,3,0.9855392,0.9993036,9,0,9,0.9855392,0.9999723,2,0,2,0.9855392,0.9976568,5,0,5,0.945946,0.9997219,1,0,1,0.9993036,0.9993036,0,0,0,NA,NA,0,0,0,NA,NA,14,0,14,0.945946,0.9999723,3,0,3,0.9855392,0.9993036,5,0,5,0.9855392,0.9986562,1,0,1,0.9855392,0.9855392,3,0,3,0.945946,0.9976568,1,0,1,0.9976568,0.9976568,6,0,6,0.9993036,0.9999723,1,0,1,0.9993036,0.9993036,4,0,4,0.945946,0.9997319,1,0,1,0.9993036,0.9993036,2,0,2,0.9855392,0.9997091,1,0,1,0.9855392,0.9855392,3,0,3,0.9962802,0.9999246,0,0,0,NA,NA,5,0,5,0.9923132,0.9999723,1,0,1,0.9976568,0.9976568
sp75_1403_6,7,4,3,0.9648686,1.093277,3,1,2,0.9648686,1.003912,3,2,1,0.9990999,1.003912,1,1,0,1.003912,1.003912,4,2,2,0.9648686,1.093277,2,0,2,0.9648686,0.9769077,2,1,1,0.9990999,1.093277,0,0,0,NA,NA,5,3,2,0.9648686,1.011501,3,1,2,0.9648686,1.003912,2,1,1,0.9769077,1.093277,1,0,1,0.9769077,0.9769077,3,2,1,0.9648686,1.011501,2,1,1,0.9648686,1.003912,2,1,1,0.9990999,1.000035,0,0,0,NA,NA,0,0,0,NA,NA,0,0,0,NA,NA,2,0,2,0.9648686,0.9769077,2,0,2,0.9648686,0.9769077,1,1,0,1.093277,1.093277,0,0,0,NA,NA,4,3,1,0.9990999,1.011501,1,1,0,1.003912,1.003912
sp75_1403_7,11,1,10,0.3480221,1.133703,6,0,6,0.3480221,0.9960567,3,0,3,0.3480221,0.9734152,2,0,2,0.3480221,0.9734152,8,1,7,0.5703817,1.133703,4,0,4,0.6450364,0.9960567,8,0,8,0.3480221,0.9960567,4,0,4,0.3480221,0.9960567,3,1,2,0.9260632,1.133703,2,0,2,0.9260632,0.9734152,3,0,3,0.5703817,0.8834362,1,0,1,0.6450364,0.6450364,6,1,5,0.3480221,1.133703,4,0,4,0.3480221,0.9734152,2,0,2,0.9924448,0.9960567,1,0,1,0.9960567,0.9960567,2,0,2,0.4005471,0.5703817,0,0,0,NA,NA,2,1,1,0.3480221,1.133703,1,0,1,0.3480221,0.3480221,2,0,2,0.6450364,0.9924448,1,0,1,0.6450364,0.6450364,5,0,5,0.7115216,0.9960567,4,0,4,0.7115216,0.9960567
sp75_1403_8,19,0,19,0.8487537,0.99994,11,0,11,0.9440395,0.9997399,6,0,6,0.963786,0.99994,4,0,4,0.963786,0.9997399,13,0,13,0.8487537,0.9997724,7,0,7,0.9440395,0.9993128,2,0,2,0.8487537,0.9972868,0,0,0,NA,NA,17,0,17,0.9440395,0.99994,11,0,11,0.9440395,0.9997399,5,0,5,0.8487537,0.9959243,2,0,2,0.9595919,0.9626198,7,0,7,0.9440395,0.9912572,6,0,6,0.9440395,0.9899918,7,0,7,0.9972868,0.99994,3,0,3,0.9992905,0.9997399,5,0,5,0.9440395,0.9997399,5,0,5,0.9440395,0.9997399,7,0,7,0.8487537,0.9997747,4,0,4,0.9475535,0.9993128,5,0,5,0.976715,0.99994,2,0,2,0.976715,0.9899918,2,0,2,0.9912572,0.9959243,0,0,0,NA,NA
sp75_1404,11,0,11,0.0351857,0.9923001,10,0,10,0.0351857,0.9923001,8,0,8,0.0351857,0.9923001,7,0,7,0.0351857,0.9923001,3,0,3,0.3387925,0.9833933,3,0,3,0.3387925,0.9833933,10,0,10,0.0351857,0.9923001,10,0,10,0.0351857,0.9923001,1,0,1,0.8535172,0.8535172,0,0,0,NA,NA,5,0,5,0.0351857,0.3728527,5,0,5,0.0351857,0.3728527,1,0,1,0.8535172,0.8535172,0,0,0,NA,NA,5,0,5,0.9444718,0.9923001,5,0,5,0.9444718,0.9923001,2,0,2,0.0351857,0.9444718,2,0,2,0.0351857,0.9444718,4,0,4,0.039464,0.9456994,3,0,3,0.039464,0.9456994,2,0,2,0.3728527,0.9803478,2,0,2,0.3728527,0.9803478,3,0,3,0.3606767,0.9923001,3,0,3,0.3606767,0.9923001
sp75_1404_1,16,0,16,0.0596299,0.9975164,10,0,10,0.0596299,0.9975164,12,0,12,0.0596299,0.9975164,7,0,7,0.0596299,0.9975164,4,0,4,0.6211314,0.9918526,3,0,3,0.6211314,0.9918526,5,0,5,0.0596299,0.9545662,3,0,3,0.0596299,0.9048986,11,0,11,0.6211314,0.9975164,7,0,7,0.6211314,0.9975164,2,0,2,0.6611609,0.8969609,2,0,2,0.6611609,0.8969609,9,0,9,0.0596299,0.9173417,5,0,5,0.0596299,0.9173417,5,0,5,0.9048986,0.9975164,3,0,3,0.9048986,0.9975164,4,0,4,0.0638475,0.9975128,1,0,1,0.0638475,0.0638475,3,0,3,0.0596299,0.9048986,2,0,2,0.0596299,0.9048986,3,0,3,0.3337169,0.9173417,1,0,1,0.9173417,0.9173417,6,0,6,0.6211314,0.9975164,6,0,6,0.6211314,0.9975164
sp75_1405,11,1,10,0.9508743,7.349996,5,1,4,0.9508743,7.349996,5,1,4,0.9645359,7.349996,2,1,1,0.9645359,7.349996,6,0,6,0.9508743,0.9996122,3,0,3,0.9508743,0.9996122,1,1,0,7.349996,7.349996,1,1,0,7.349996,7.349996,10,0,10,0.9508743,0.9998778,4,0,4,0.9508743,0.9996122,3,1,2,0.9686819,7.349996,1,1,0,7.349996,7.349996,6,0,6,0.9508743,0.9912123,3,0,3,0.9508743,0.9705169,2,0,2,0.9996122,0.9998778,1,0,1,0.9996122,0.9996122,2,0,2,0.9524808,0.9645359,1,0,1,0.9645359,0.9645359,4,1,3,0.9508743,7.349996,2,1,1,0.9508743,7.349996,5,0,5,0.9705169,0.9998778,2,0,2,0.9705169,0.9996122,0,0,0,NA,NA,0,0,0,NA,NA
sp75_1405_1,10,5,5,0.4378362,1.492991,8,4,4,0.4378362,1.213244,7,4,3,0.4378362,1.213244,7,4,3,0.4378362,1.213244,3,1,2,0.7208051,1.492991,1,0,1,0.7208051,0.7208051,4,1,3,0.4378362,1.492991,3,0,3,0.4378362,0.9868043,6,4,2,0.7208051,1.213244,5,4,1,0.7208051,1.213244,4,3,1,0.4378362,1.186172,4,3,1,0.4378362,1.186172,4,2,2,0.6968114,1.492991,3,1,2,0.6968114,1.213244,2,0,2,0.9868043,0.9970614,1,0,1,0.9868043,0.9868043,1,1,0,1.186172,1.186172,1,1,0,1.186172,1.186172,3,1,2,0.7208051,1.184644,2,1,1,0.7208051,1.184644,3,3,0,1.074801,1.492991,2,2,0,1.074801,1.213244,3,0,3,0.4378362,0.9868043,3,0,3,0.4378362,0.9868043
sp75_153,5,5,0,1.00448,2.08004,3,3,0,1.634578,2.08004,2,2,0,1.333189,1.638182,1,1,0,1.638182,1.638182,3,3,0,1.00448,2.08004,2,2,0,1.634578,2.08004,0,0,0,NA,NA,0,0,0,NA,NA,5,5,0,1.00448,2.08004,3,3,0,1.634578,2.08004,0,0,0,NA,NA,0,0,0,NA,NA,4,4,0,1.333189,2.08004,3,3,0,1.634578,2.08004,1,1,0,1.00448,1.00448,0,0,0,NA,NA,1,1,0,1.333189,1.333189,0,0,0,NA,NA,2,2,0,1.638182,2.08004,2,2,0,1.638182,2.08004,1,1,0,1.634578,1.634578,1,1,0,1.634578,1.634578,1,1,0,1.00448,1.00448,0,0,0,NA,NA
sp75_155,2,0,2,0.5438977,0.6197886,2,0,2,0.5438977,0.6197886,0,0,0,NA,NA,0,0,0,NA,NA,2,0,2,0.5438977,0.6197886,2,0,2,0.5438977,0.6197886,0,0,0,NA,NA,0,0,0,NA,NA,2,0,2,0.5438977,0.6197886,2,0,2,0.5438977,0.6197886,0,0,0,NA,NA,0,0,0,NA,NA,2,0,2,0.5438977,0.6197886,2,0,2,0.5438977,0.6197886,0,0,0,NA,NA,0,0,0,NA,NA,1,0,1,0.6197886,0.6197886,1,0,1,0.6197886,0.6197886,1,0,1,0.5438977,0.5438977,1,0,1,0.5438977,0.5438977,0,0,0,NA,NA,0,0,0,NA,NA,0,0,0,NA,NA,0,0,0,NA,NA
sp75_156,17,0,17,0.1964437,0.997246,10,0,10,0.1964437,0.997246,8,0,8,0.7332724,0.997246,5,0,5,0.7332724,0.997246,9,0,9,0.1964437,0.9965809,5,0,5,0.1964437,0.4952016,2,0,2,0.1964437,0.2303243,2,0,2,0.1964437,0.2303243,15,0,15,0.3037725,0.997246,8,0,8,0.3037725,0.997246,6,0,6,0.5218856,0.8888939,2,0,2,0.7569049,0.8208726,7,0,7,0.1964437,0.7595716,7,0,7,0.1964437,0.7595716,4,0,4,0.9917247,0.997246,1,0,1,0.997246,0.997246,2,0,2,0.7569049,0.9965695,1,0,1,0.7569049,0.7569049,2,0,2,0.4432818,0.7764702,1,0,1,0.4432818,0.4432818,6,0,6,0.1964437,0.9965809,3,0,3,0.1964437,0.7595716,7,0,7,0.2303243,0.997246,5,0,5,0.2303243,0.997246
sp75_160,5,5,0,1.004683,1.986534,1,1,0,1.02021,1.02021,5,5,0,1.004683,1.986534,1,1,0,1.02021,1.02021,0,0,0,NA,NA,0,0,0,NA,NA,1,1,0,1.986534,1.986534,0,0,0,NA,NA,4,4,0,1.004683,1.02021,1,1,0,1.02021,1.02021,1,1,0,1.986534,1.986534,0,0,0,NA,NA,0,0,0,NA,NA,0,0,0,NA,NA,4,4,0,1.004683,1.02021,1,1,0,1.02021,1.02021,1,1,0,1.02021,1.02021,1,1,0,1.02021,1.02021,1,1,0,1.014676,1.014676,0,0,0,NA,NA,1,1,0,1.006597,1.006597,0,0,0,NA,NA,2,2,0,1.004683,1.986534,0,0,0,NA,NA
sp75_1719_2,11,4,7,0.0607305,1.874459,7,2,5,0.0607305,1.225716,4,1,3,0.229357,1.225716,2,1,1,0.229357,1.225716,7,3,4,0.0607305,1.874459,5,1,4,0.0607305,1.007416,8,2,6,0.0607305,1.402985,5,1,4,0.0607305,1.007416,3,2,1,0.2459385,1.874459,2,1,1,0.2459385,1.225716,2,1,1,0.3010487,1.402985,0,0,0,NA,NA,7,2,5,0.0607305,1.874459,6,1,5,0.0607305,1.225716,2,1,1,0.9742975,1.007416,1,1,0,1.007416,1.007416,2,0,2,0.0607305,0.3010487,1,0,1,0.0607305,0.0607305,3,0,3,0.0676246,0.9742975,2,0,2,0.0676246,0.2459385,2,0,2,0.1945834,0.229357,2,0,2,0.1945834,0.229357,4,4,0,1.007416,1.874459,2,2,0,1.007416,1.225716
sp75_1719_4,0,0,0,NA,NA,0,0,0,NA,NA,0,0,0,NA,NA,0,0,0,NA,NA,0,0,0,NA,NA,0,0,0,NA,NA,0,0,0,NA,NA,0,0,0,NA,NA,0,0,0,NA,NA,0,0,0,NA,NA,0,0,0,NA,NA,0,0,0,NA,NA,0,0,0,NA,NA,0,0,0,NA,NA,0,0,0,NA,NA,0,0,0,NA,NA,0,0,0,NA,NA,0,0,0,NA,NA,0,0,0,NA,NA,0,0,0,NA,NA,0,0,0,NA,NA,0,0,0,NA,NA,0,0,0,NA,NA,0,0,0,NA,NA
sp75_1720,18,18,0,1.000202,1.129801,6,6,0,1.001868,1.129801,11,11,0,1.000202,1.084042,3,3,0,1.029477,1.084042,7,7,0,1.001868,1.129801,3,3,0,1.001868,1.129801,5,5,0,1.001442,1.086814,1,1,0,1.001868,1.001868,13,13,0,1.000202,1.129801,5,5,0,1.029477,1.129801,6,6,0,1.017866,1.087747,1,1,0,1.087747,1.087747,8,8,0,1.015954,1.129801,4,4,0,1.029477,1.129801,4,4,0,1.000202,1.001868,1,1,0,1.001868,1.001868,4,4,0,1.051007,1.129801,3,3,0,1.078422,1.129801,3,3,0,1.000792,1.084042,1,1,0,1.084042,1.084042,3,3,0,1.017866,1.064575,1,1,0,1.029477,1.029477,8,8,0,1.000202,1.086814,1,1,0,1.001868,1.001868
sp75_1725,4,3,1,0.9999847,1.043086,0,0,0,NA,NA,1,0,1,0.9999847,0.9999847,0,0,0,NA,NA,3,3,0,1.000184,1.043086,0,0,0,NA,NA,1,1,0,1.043086,1.043086,0,0,0,NA,NA,3,2,1,0.9999847,1.013382,0,0,0,NA,NA,2,2,0,1.013382,1.043086,0,0,0,NA,NA,0,0,0,NA,NA,0,0,0,NA,NA,2,1,1,0.9999847,1.000184,0,0,0,NA,NA,3,3,0,1.000184,1.043086,0,0,0,NA,NA,0,0,0,NA,NA,0,0,0,NA,NA,0,0,0,NA,NA,0,0,0,NA,NA,1,0,1,0.9999847,0.9999847,0,0,0,NA,NA
sp75_1906,18,17,1,0.9952581,2.280485,7,7,0,1.036074,1.665239,10,9,1,0.9952581,1.665239,4,4,0,1.036074,1.665239,8,8,0,1.001322,2.280485,3,3,0,1.091667,1.181608,3,2,1,0.9952581,2.280485,0,0,0,NA,NA,15,15,0,1.000421,1.665239,7,7,0,1.036074,1.665239,7,7,0,1.036074,2.280485,6,6,0,1.036074,1.181608,4,4,0,1.164847,1.665239,1,1,0,1.665239,1.665239,7,6,1,0.9952581,1.00327,0,0,0,NA,NA,4,4,0,1.001149,1.131024,2,2,0,1.099469,1.131024,6,6,0,1.001183,2.280485,3,3,0,1.11923,1.665239,4,4,0,1.000421,1.167808,2,2,0,1.036074,1.091667,4,3,1,0.9952581,1.617488,0,0,0,NA,NA
sp75_1916,4,0,4,0.8736004,0.9997398,1,0,1,0.8736004,0.8736004,2,0,2,0.9681599,0.9997398,0,0,0,NA,NA,2,0,2,0.8736004,0.9962627,1,0,1,0.8736004,0.8736004,1,0,1,0.9962627,0.9962627,0,0,0,NA,NA,3,0,3,0.8736004,0.9997398,1,0,1,0.8736004,0.8736004,0,0,0,NA,NA,0,0,0,NA,NA,2,0,2,0.8736004,0.9681599,1,0,1,0.8736004,0.8736004,2,0,2,0.9962627,0.9997398,0,0,0,NA,NA,0,0,0,NA,NA,0,0,0,NA,NA,0,0,0,NA,NA,0,0,0,NA,NA,0,0,0,NA,NA,0,0,0,NA,NA,4,0,4,0.8736004,0.9997398,1,0,1,0.8736004,0.8736004
sp75_203,3,2,1,0.9849727,1.037262,0,0,0,NA,NA,0,0,0,NA,NA,0,0,0,NA,NA,3,2,1,0.9849727,1.037262,0,0,0,NA,NA,0,0,0,NA,NA,0,0,0,NA,NA,3,2,1,0.9849727,1.037262,0,0,0,NA,NA,1,1,0,1.037262,1.037262,0,0,0,NA,NA,1,0,1,0.9849727,0.9849727,0,0,0,NA,NA,1,1,0,1.000506,1.000506,0,0,0,NA,NA,0,0,0,NA,NA,0,0,0,NA,NA,2,2,0,1.000506,1.037262,0,0,0,NA,NA,0,0,0,NA,NA,0,0,0,NA,NA,1,0,1,0.9849727,0.9849727,0,0,0,NA,NA
sp75_204,16,16,0,1.000109,1.527469,8,8,0,1.028131,1.331989,8,8,0,1.000109,1.527469,3,3,0,1.028131,1.080995,8,8,0,1.079175,1.331989,5,5,0,1.094335,1.331989,8,8,0,1.079175,1.527469,2,2,0,1.252146,1.331989,8,8,0,1.000109,1.112141,6,6,0,1.028131,1.112141,3,3,0,1.079175,1.233287,0,0,0,NA,NA,11,11,0,1.028131,1.527469,8,8,0,1.028131,1.331989,2,2,0,1.000109,1.000379,0,0,0,NA,NA,5,5,0,1.071372,1.331989,3,3,0,1.071372,1.331989,5,5,0,1.000379,1.527469,2,2,0,1.080995,1.112141,6,6,0,1.000109,1.252146,3,3,0,1.028131,1.252146,0,0,0,NA,NA,0,0,0,NA,NA
sp75_205,19,19,0,1.002115,2.657728,11,11,0,1.063615,2.581583,10,10,0,1.002115,1.599619,6,6,0,1.063615,1.509892,9,9,0,1.009459,2.657728,5,5,0,1.368855,2.581583,3,3,0,1.009459,2.581583,1,1,0,2.581583,2.581583,16,16,0,1.002115,2.657728,10,10,0,1.063615,1.913611,7,7,0,1.063615,1.498965,5,5,0,1.063615,1.498965,9,9,0,1.106751,2.657728,6,6,0,1.106751,2.581583,3,3,0,1.002115,1.009459,0,0,0,NA,NA,3,3,0,1.342451,1.599619,0,0,0,NA,NA,4,4,0,1.006875,2.657728,2,2,0,1.31415,1.509892,5,5,0,1.002115,1.913611,4,4,0,1.09251,1.913611,7,7,0,1.009459,2.581583,5,5,0,1.063615,2.581583
sp75_207,8,8,0,1.006904,1.879672,2,2,0,1.007765,1.456868,5,5,0,1.007765,1.879672,1,1,0,1.007765,1.007765,3,3,0,1.006904,1.456868,1,1,0,1.456868,1.456868,5,5,0,1.006904,1.879672,1,1,0,1.007765,1.007765,3,3,0,1.068756,1.456868,1,1,0,1.456868,1.456868,1,1,0,1.36841,1.36841,0,0,0,NA,NA,4,4,0,1.068756,1.879672,1,1,0,1.456868,1.456868,3,3,0,1.006904,1.007765,1,1,0,1.007765,1.007765,0,0,0,NA,NA,0,0,0,NA,NA,2,2,0,1.21596,1.456868,1,1,0,1.456868,1.456868,2,2,0,1.006904,1.068756,0,0,0,NA,NA,4,4,0,1.007462,1.879672,1,1,0,1.007765,1.007765
sp75_208,16,2,14,0.8101943,1.06598,11,1,10,0.8143087,1.06598,12,0,12,0.8101943,0.9990338,10,0,10,0.8143087,0.9990338,4,2,2,0.9287194,1.06598,1,1,0,1.06598,1.06598,14,0,14,0.8101943,0.9990338,10,0,10,0.8143087,0.9990338,2,2,0,1.000274,1.06598,1,1,0,1.06598,1.06598,5,0,5,0.8143087,0.9640518,4,0,4,0.8143087,0.9640518,5,1,4,0.8101943,1.06598,3,1,2,0.9140103,1.06598,6,1,5,0.9950317,1.000274,4,0,4,0.9950317,0.9990338,4,1,3,0.8101943,1.06598,3,1,2,0.8258606,1.06598,4,0,4,0.8143087,0.9978951,2,0,2,0.8143087,0.9950317,4,0,4,0.9051805,0.99804,3,0,3,0.9051805,0.99804,4,1,3,0.9571801,1.000274,3,0,3,0.9571801,0.9990338
sp75_209,0,0,0,NA,NA,0,0,0,NA,NA,0,0,0,NA,NA,0,0,0,NA,NA,0,0,0,NA,NA,0,0,0,NA,NA,0,0,0,NA,NA,0,0,0,NA,NA,0,0,0,NA,NA,0,0,0,NA,NA,0,0,0,NA,NA,0,0,0,NA,NA,0,0,0,NA,NA,0,0,0,NA,NA,0,0,0,NA,NA,0,0,0,NA,NA,0,0,0,NA,NA,0,0,0,NA,NA,0,0,0,NA,NA,0,0,0,NA,NA,0,0,0,NA,NA,0,0,0,NA,NA,0,0,0,NA,NA,0,0,0,NA,NA
sp75_212,22,21,1,0.8156556,7.393138,11,10,1,0.8156556,7.393138,13,12,1,0.8156556,7.393138,7,6,1,0.8156556,7.393138,9,9,0,1.001311,1.245564,4,4,0,1.002979,1.145782,8,7,1,0.8156556,7.393138,4,3,1,0.8156556,7.393138,14,14,0,1.000489,1.145782,7,7,0,1.001531,1.145782,9,9,0,1.021704,7.393138,4,4,0,1.081786,7.393138,5,4,1,0.8156556,5.62392,2,1,1,0.8156556,1.141986,8,8,0,1.000489,1.047702,5,5,0,1.001531,1.047702,6,6,0,1.002095,1.145782,5,5,0,1.002095,1.145782,6,6,0,1.001531,7.393138,4,4,0,1.001531,7.393138,8,8,0,1.000489,1.445079,1,1,0,1.007142,1.007142,2,1,1,0.8156556,1.035855,1,0,1,0.8156556,0.8156556
sp75_213,14,12,2,0.9783943,1.367682,9,8,1,0.9824027,1.367682,5,5,0,1.000913,1.085501,3,3,0,1.000913,1.085501,9,7,2,0.9783943,1.367682,6,5,1,0.9824027,1.367682,2,0,2,0.9783943,0.9824027,1,0,1,0.9824027,0.9824027,12,12,0,1.000913,1.367682,8,8,0,1.000913,1.367682,5,5,0,1.057611,1.367682,4,4,0,1.057611,1.367682,2,2,0,1.063715,1.155138,1,1,0,1.155138,1.155138,7,5,2,0.9783943,1.002676,4,3,1,0.9824027,1.002676,1,1,0,1.00244,1.00244,0,0,0,NA,NA,5,4,1,0.9824027,1.194554,3,2,1,0.9824027,1.155138,5,5,0,1.000913,1.188008,4,4,0,1.000913,1.188008,3,2,1,0.9783943,1.367682,2,2,0,1.085501,1.367682
sp75_215,9,0,9,0.0142922,0.9920491,3,0,3,0.220029,0.9599809,1,0,1,0.8477315,0.8477315,0,0,0,NA,NA,8,0,8,0.0142922,0.9920491,3,0,3,0.220029,0.9599809,5,0,5,0.0142922,0.9788753,2,0,2,0.220029,0.9599809,4,0,4,0.6608683,0.9920491,1,0,1,0.6608683,0.6608683,3,0,3,0.1944943,0.733583,1,0,1,0.220029,0.220029,3,0,3,0.0142922,0.8477315,1,0,1,0.6608683,0.6608683,3,0,3,0.9599809,0.9920491,1,0,1,0.9599809,0.9599809,3,0,3,0.0142922,0.9599809,1,0,1,0.9599809,0.9599809,4,0,4,0.6608683,0.9920491,1,0,1,0.6608683,0.6608683,1,0,1,0.220029,0.220029,1,0,1,0.220029,0.220029,1,0,1,0.9788753,0.9788753,0,0,0,NA,NA
sp75_327,1,0,1,0.8079373,0.8079373,0,0,0,NA,NA,1,0,1,0.8079373,0.8079373,0,0,0,NA,NA,0,0,0,NA,NA,0,0,0,NA,NA,0,0,0,NA,NA,0,0,0,NA,NA,1,0,1,0.8079373,0.8079373,0,0,0,NA,NA,1,0,1,0.8079373,0.8079373,0,0,0,NA,NA,0,0,0,NA,NA,0,0,0,NA,NA,0,0,0,NA,NA,0,0,0,NA,NA,1,0,1,0.8079373,0.8079373,0,0,0,NA,NA,0,0,0,NA,NA,0,0,0,NA,NA,0,0,0,NA,NA,0,0,0,NA,NA,0,0,0,NA,NA,0,0,0,NA,NA
sp75_332,10,0,10,0.210941,0.9994406,4,0,4,0.210941,0.9974565,7,0,7,0.210941,0.9994406,3,0,3,0.210941,0.40562,3,0,3,0.7965974,0.9974565,1,0,1,0.9974565,0.9974565,6,0,6,0.210941,0.7585167,3,0,3,0.210941,0.40562,4,0,4,0.7965974,0.9994406,1,0,1,0.9974565,0.9974565,3,0,3,0.3514077,0.7585167,2,0,2,0.3514077,0.40562,5,0,5,0.210941,0.865975,1,0,1,0.210941,0.210941,2,0,2,0.9974565,0.9994406,1,0,1,0.9974565,0.9974565,3,0,3,0.210941,0.7965974,2,0,2,0.210941,0.3514077,2,0,2,0.3325609,0.40562,1,0,1,0.40562,0.40562,2,0,2,0.6934934,0.7585167,0,0,0,NA,NA,3,0,3,0.865975,0.9994406,1,0,1,0.9974565,0.9974565
sp75_334,2,0,2,0.8500795,0.9998179,0,0,0,NA,NA,1,0,1,0.9998179,0.9998179,0,0,0,NA,NA,1,0,1,0.8500795,0.8500795,0,0,0,NA,NA,1,0,1,0.8500795,0.8500795,0,0,0,NA,NA,1,0,1,0.9998179,0.9998179,0,0,0,NA,NA,0,0,0,NA,NA,0,0,0,NA,NA,1,0,1,0.8500795,0.8500795,0,0,0,NA,NA,1,0,1,0.9998179,0.9998179,0,0,0,NA,NA,0,0,0,NA,NA,0,0,0,NA,NA,0,0,0,NA,NA,0,0,0,NA,NA,0,0,0,NA,NA,0,0,0,NA,NA,2,0,2,0.8500795,0.9998179,0,0,0,NA,NA
sp75_337,2,0,2,0.9994408,0.9997757,0,0,0,NA,NA,2,0,2,0.9994408,0.9997757,0,0,0,NA,NA,0,0,0,NA,NA,0,0,0,NA,NA,0,0,0,NA,NA,0,0,0,NA,NA,2,0,2,0.9994408,0.9997757,0,0,0,NA,NA,0,0,0,NA,NA,0,0,0,NA,NA,0,0,0,NA,NA,0,0,0,NA,NA,2,0,2,0.9994408,0.9997757,0,0,0,NA,NA,1,0,1,0.9994408,0.9994408,0,0,0,NA,NA,0,0,0,NA,NA,0,0,0,NA,NA,1,0,1,0.9997757,0.9997757,0,0,0,NA,NA,0,0,0,NA,NA,0,0,0,NA,NA
sp75_340,18,10,8,0.9740856,1.503216,8,3,5,0.9782814,1.092002,11,8,3,0.9930246,1.503216,4,2,2,0.9930246,1.090987,7,2,5,0.9740856,1.092002,4,1,3,0.9782814,1.092002,10,10,0,1.001071,1.503216,3,3,0,1.045823,1.092002,8,0,8,0.9740856,0.9999547,5,0,5,0.9782814,0.9998224,8,4,4,0.9740856,1.114569,4,2,2,0.9902185,1.092002,4,2,2,0.9782814,1.503216,3,1,2,0.9782814,1.090987,6,4,2,0.9998224,1.006863,1,0,1,0.9998224,0.9998224,2,2,0,1.005298,1.503216,0,0,0,NA,NA,2,1,1,0.9740856,1.006863,0,0,0,NA,NA,4,3,1,0.982916,1.114569,1,1,0,1.092002,1.092002,10,4,6,0.9782814,1.090987,7,2,5,0.9782814,1.090987
sp75_343,1,0,1,0.5457696,0.5457696,1,0,1,0.5457696,0.5457696,0,0,0,NA,NA,0,0,0,NA,NA,1,0,1,0.5457696,0.5457696,1,0,1,0.5457696,0.5457696,1,0,1,0.5457696,0.5457696,1,0,1,0.5457696,0.5457696,0,0,0,NA,NA,0,0,0,NA,NA,0,0,0,NA,NA,0,0,0,NA,NA,1,0,1,0.5457696,0.5457696,1,0,1,0.5457696,0.5457696,0,0,0,NA,NA,0,0,0,NA,NA,0,0,0,NA,NA,0,0,0,NA,NA,0,0,0,NA,NA,0,0,0,NA,NA,0,0,0,NA,NA,0,0,0,NA,NA,1,0,1,0.5457696,0.5457696,1,0,1,0.5457696,0.5457696
sp75_373,11,4,7,1.85e-08,1.020524,7,2,5,1.85e-08,1.020143,4,2,2,0.0888274,1.020143,2,2,0,1.010366,1.020143,7,2,5,1.85e-08,1.020524,5,0,5,1.85e-08,0.6772731,3,1,2,0.0888274,1.020524,0,0,0,NA,NA,8,3,5,1.85e-08,1.020143,7,2,5,1.85e-08,1.020143,2,0,2,0.0888274,0.1171246,0,0,0,NA,NA,4,0,4,1.85e-08,7.8e-07,4,0,4,1.85e-08,7.8e-07,5,4,1,0.6772731,1.020524,3,2,1,0.6772731,1.020143,3,0,3,7.8e-07,0.6772731,2,0,2,7.8e-07,0.6772731,2,0,2,2.73e-07,0.1171246,1,0,1,2.73e-07,2.73e-07,2,1,1,1.85e-08,1.020143,2,1,1,1.85e-08,1.020143,4,3,1,5.36e-08,1.020524,2,1,1,5.36e-08,1.010366
sp75_388,2,2,0,1.137881,1.206763,0,0,0,NA,NA,0,0,0,NA,NA,0,0,0,NA,NA,2,2,0,1.137881,1.206763,0,0,0,NA,NA,0,0,0,NA,NA,0,0,0,NA,NA,2,2,0,1.137881,1.206763,0,0,0,NA,NA,1,1,0,1.137881,1.137881,0,0,0,NA,NA,1,1,0,1.206763,1.206763,0,0,0,NA,NA,0,0,0,NA,NA,0,0,0,NA,NA,2,2,0,1.137881,1.206763,0,0,0,NA,NA,0,0,0,NA,NA,0,0,0,NA,NA,0,0,0,NA,NA,0,0,0,NA,NA,0,0,0,NA,NA,0,0,0,NA,NA
sp75_389,1,0,1,0.9993283,0.9993283,0,0,0,NA,NA,1,0,1,0.9993283,0.9993283,0,0,0,NA,NA,0,0,0,NA,NA,0,0,0,NA,NA,0,0,0,NA,NA,0,0,0,NA,NA,1,0,1,0.9993283,0.9993283,0,0,0,NA,NA,0,0,0,NA,NA,0,0,0,NA,NA,0,0,0,NA,NA,0,0,0,NA,NA,1,0,1,0.9993283,0.9993283,0,0,0,NA,NA,0,0,0,NA,NA,0,0,0,NA,NA,0,0,0,NA,NA,0,0,0,NA,NA,0,0,0,NA,NA,0,0,0,NA,NA,1,0,1,0.9993283,0.9993283,0,0,0,NA,NA
sp75_500,2,2,0,1.311681,1.69842,0,0,0,NA,NA,1,1,0,1.311681,1.311681,0,0,0,NA,NA,1,1,0,1.69842,1.69842,0,0,0,NA,NA,2,2,0,1.311681,1.69842,0,0,0,NA,NA,0,0,0,NA,NA,0,0,0,NA,NA,0,0,0,NA,NA,0,0,0,NA,NA,2,2,0,1.311681,1.69842,0,0,0,NA,NA,0,0,0,NA,NA,0,0,0,NA,NA,0,0,0,NA,NA,0,0,0,NA,NA,0,0,0,NA,NA,0,0,0,NA,NA,1,1,0,1.69842,1.69842,0,0,0,NA,NA,1,1,0,1.311681,1.311681,0,0,0,NA,NA
sp75_500_1,1,0,1,0.2993643,0.2993643,1,0,1,0.2993643,0.2993643,0,0,0,NA,NA,0,0,0,NA,NA,1,0,1,0.2993643,0.2993643,1,0,1,0.2993643,0.2993643,1,0,1,0.2993643,0.2993643,1,0,1,0.2993643,0.2993643,0,0,0,NA,NA,0,0,0,NA,NA,0,0,0,NA,NA,0,0,0,NA,NA,1,0,1,0.2993643,0.2993643,1,0,1,0.2993643,0.2993643,0,0,0,NA,NA,0,0,0,NA,NA,0,0,0,NA,NA,0,0,0,NA,NA,0,0,0,NA,NA,0,0,0,NA,NA,1,0,1,0.2993643,0.2993643,1,0,1,0.2993643,0.2993643,0,0,0,NA,NA,0,0,0,NA,NA
sp75_501,7,4,3,0.0462333,9.438863,2,1,1,0.0462333,1.342582,2,1,1,0.0462333,1.06738,1,0,1,0.0462333,0.0462333,5,3,2,0.7216092,9.438863,1,1,0,1.342582,1.342582,2,1,1,0.0462333,9.438863,1,0,1,0.0462333,0.0462333,5,3,2,0.7216092,1.342582,1,1,0,1.342582,1.342582,1,1,0,1.106281,1.106281,0,0,0,NA,NA,6,3,3,0.0462333,9.438863,2,1,1,0.0462333,1.342582,0,0,0,NA,NA,0,0,0,NA,NA,0,0,0,NA,NA,0,0,0,NA,NA,2,0,2,0.0462333,0.7216092,1,0,1,0.0462333,0.0462333,1,0,1,0.8439777,0.8439777,0,0,0,NA,NA,4,4,0,1.06738,9.438863,1,1,0,1.342582,1.342582
sp75_501_2,9,0,9,0.1893371,0.9990574,3,0,3,0.4542532,0.9990574,7,0,7,0.1893371,0.9990574,3,0,3,0.4542532,0.9990574,2,0,2,0.3762714,0.9964527,0,0,0,NA,NA,7,0,7,0.1893371,0.9963,2,0,2,0.4542532,0.8106396,2,0,2,0.9964527,0.9990574,1,0,1,0.9990574,0.9990574,3,0,3,0.5527676,0.8106396,1,0,1,0.8106396,0.8106396,3,0,3,0.1893371,0.4542532,1,0,1,0.4542532,0.4542532,3,0,3,0.9963,0.9990574,1,0,1,0.9990574,0.9990574,1,0,1,0.5527676,0.5527676,0,0,0,NA,NA,1,0,1,0.1893371,0.1893371,0,0,0,NA,NA,3,0,3,0.3762714,0.8090941,1,0,1,0.4542532,0.4542532,4,0,4,0.8106396,0.9990574,2,0,2,0.8106396,0.9990574
sp75_502,5,4,1,0.6862538,1.005016,0,0,0,NA,NA,5,4,1,0.6862538,1.005016,0,0,0,NA,NA,0,0,0,NA,NA,0,0,0,NA,NA,1,0,1,0.6862538,0.6862538,0,0,0,NA,NA,4,4,0,1.001185,1.005016,0,0,0,NA,NA,1,0,1,0.6862538,0.6862538,0,0,0,NA,NA,0,0,0,NA,NA,0,0,0,NA,NA,4,4,0,1.001185,1.005016,0,0,0,NA,NA,1,1,0,1.004466,1.004466,0,0,0,NA,NA,1,1,0,1.005016,1.005016,0,0,0,NA,NA,1,1,0,1.001446,1.001446,0,0,0,NA,NA,2,1,1,0.6862538,1.001185,0,0,0,NA,NA
sp75_503,9,6,3,0.9991588,1.07998,3,1,2,0.9991588,1.049106,5,2,3,0.9991588,1.011799,2,0,2,0.9991588,0.9997427,4,4,0,1.026024,1.07998,1,1,0,1.049106,1.049106,6,3,3,0.9991588,1.07998,3,1,2,0.9991588,1.049106,3,3,0,1.011662,1.026203,0,0,0,NA,NA,1,1,0,1.026024,1.026024,0,0,0,NA,NA,5,5,0,1.011662,1.07998,1,1,0,1.049106,1.049106,3,0,3,0.9991588,0.9997427,2,0,2,0.9991588,0.9997427,4,3,1,0.9991588,1.07998,1,0,1,0.9991588,0.9991588,3,2,1,0.9992774,1.026024,0,0,0,NA,NA,2,1,1,0.9997427,1.049106,2,1,1,0.9997427,1.049106,0,0,0,NA,NA,0,0,0,NA,NA
sp75_505,4,3,1,0.6034523,1.559775,0,0,0,NA,NA,2,2,0,1.008705,1.559775,0,0,0,NA,NA,2,1,1,0.6034523,1.023593,0,0,0,NA,NA,3,3,0,1.008705,1.559775,0,0,0,NA,NA,1,0,1,0.6034523,0.6034523,0,0,0,NA,NA,1,1,0,1.559775,1.559775,0,0,0,NA,NA,1,0,1,0.6034523,0.6034523,0,0,0,NA,NA,2,2,0,1.008705,1.023593,0,0,0,NA,NA,2,1,1,0.6034523,1.023593,0,0,0,NA,NA,0,0,0,NA,NA,0,0,0,NA,NA,0,0,0,NA,NA,0,0,0,NA,NA,2,2,0,1.008705,1.559775,0,0,0,NA,NA
sp75_506_1,8,8,0,1.000736,1.093,3,3,0,1.000736,1.002605,6,6,0,1.000736,1.090177,2,2,0,1.000736,1.002601,2,2,0,1.002605,1.093,1,1,0,1.002605,1.002605,0,0,0,NA,NA,0,0,0,NA,NA,8,8,0,1.000736,1.093,3,3,0,1.000736,1.002605,4,4,0,1.024856,1.093,0,0,0,NA,NA,0,0,0,NA,NA,0,0,0,NA,NA,4,4,0,1.000736,1.002605,3,3,0,1.000736,1.002605,2,2,0,1.002601,1.090177,1,1,0,1.002601,1.002601,2,2,0,1.001925,1.087974,0,0,0,NA,NA,0,0,0,NA,NA,0,0,0,NA,NA,4,4,0,1.000736,1.093,2,2,0,1.000736,1.002605
sp75_507,2,2,0,1.07179,2.308775,0,0,0,NA,NA,1,1,0,1.07179,1.07179,0,0,0,NA,NA,1,1,0,2.308775,2.308775,0,0,0,NA,NA,1,1,0,2.308775,2.308775,0,0,0,NA,NA,1,1,0,1.07179,1.07179,0,0,0,NA,NA,1,1,0,1.07179,1.07179,0,0,0,NA,NA,1,1,0,2.308775,2.308775,0,0,0,NA,NA,0,0,0,NA,NA,0,0,0,NA,NA,1,1,0,1.07179,1.07179,0,0,0,NA,NA,1,1,0,2.308775,2.308775,0,0,0,NA,NA,0,0,0,NA,NA,0,0,0,NA,NA,0,0,0,NA,NA,0,0,0,NA,NA
sp75_507_1,0,0,0,NA,NA,0,0,0,NA,NA,0,0,0,NA,NA,0,0,0,NA,NA,0,0,0,NA,NA,0,0,0,NA,NA,0,0,0,NA,NA,0,0,0,NA,NA,0,0,0,NA,NA,0,0,0,NA,NA,0,0,0,NA,NA,0,0,0,NA,NA,0,0,0,NA,NA,0,0,0,NA,NA,0,0,0,NA,NA,0,0,0,NA,NA,0,0,0,NA,NA,0,0,0,NA,NA,0,0,0,NA,NA,0,0,0,NA,NA,0,0,0,NA,NA,0,0,0,NA,NA,0,0,0,NA,NA,0,0,0,NA,NA
sp75_508_1,17,0,17,0.0633811,0.9986564,14,0,14,0.0633811,0.9948334,8,0,8,0.4883815,0.9986564,6,0,6,0.4883815,0.9948334,9,0,9,0.0633811,0.9954365,8,0,8,0.0633811,0.9945155,3,0,3,0.0633811,0.9603001,2,0,2,0.0633811,0.9603001,14,0,14,0.1518705,0.9986564,12,0,12,0.1518705,0.9948334,8,0,8,0.0633811,0.7867886,7,0,7,0.0633811,0.7867886,0,0,0,NA,NA,0,0,0,NA,NA,9,0,9,0.9603001,0.9986564,7,0,7,0.9603001,0.9948334,4,0,4,0.4883815,0.9945155,4,0,4,0.4883815,0.9945155,6,0,6,0.0633811,0.9881261,6,0,6,0.0633811,0.9881261,4,0,4,0.5429757,0.9948334,4,0,4,0.5429757,0.9948334,3,0,3,0.6984728,0.9986564,0,0,0,NA,NA
sp75_509,15,15,0,1.002658,1.966109,8,8,0,1.009196,1.966109,10,10,0,1.002658,1.966109,5,5,0,1.009196,1.966109,5,5,0,1.224767,1.543987,3,3,0,1.224767,1.543987,4,4,0,1.009196,1.966109,4,4,0,1.009196,1.966109,11,11,0,1.002658,1.348919,4,4,0,1.219013,1.348919,6,6,0,1.064556,1.368876,3,3,0,1.22446,1.368876,6,6,0,1.178421,1.966109,4,4,0,1.219013,1.966109,3,3,0,1.002658,1.009196,1,1,0,1.009196,1.009196,5,5,0,1.003049,1.348919,3,3,0,1.219013,1.348919,3,3,0,1.002658,1.178421,0,0,0,NA,NA,3,3,0,1.064556,1.231659,1,1,0,1.224767,1.224767,4,4,0,1.009196,1.966109,4,4,0,1.009196,1.966109
sp75_510,2,0,2,0.5198858,0.9915183,2,0,2,0.5198858,0.9915183,0,0,0,NA,NA,0,0,0,NA,NA,2,0,2,0.5198858,0.9915183,2,0,2,0.5198858,0.9915183,0,0,0,NA,NA,0,0,0,NA,NA,2,0,2,0.5198858,0.9915183,2,0,2,0.5198858,0.9915183,1,0,1,0.5198858,0.5198858,1,0,1,0.5198858,0.5198858,0,0,0,NA,NA,0,0,0,NA,NA,1,0,1,0.9915183,0.9915183,1,0,1,0.9915183,0.9915183,0,0,0,NA,NA,0,0,0,NA,NA,2,0,2,0.5198858,0.9915183,2,0,2,0.5198858,0.9915183,0,0,0,NA,NA,0,0,0,NA,NA,0,0,0,NA,NA,0,0,0,NA,NA
sp75_512_1,5,2,3,0.03166,1.609637,1,0,1,0.03166,0.03166,3,1,2,0.03166,1.292093,1,0,1,0.03166,0.03166,2,1,1,0.7731876,1.609637,0,0,0,NA,NA,2,0,2,0.03166,0.0950697,1,0,1,0.03166,0.03166,3,2,1,0.7731876,1.609637,0,0,0,NA,NA,1,0,1,0.7731876,0.7731876,0,0,0,NA,NA,4,2,2,0.03166,1.609637,1,0,1,0.03166,0.03166,0,0,0,NA,NA,0,0,0,NA,NA,3,2,1,0.03166,1.609637,1,0,1,0.03166,0.03166,1,0,1,0.0950697,0.0950697,0,0,0,NA,NA,0,0,0,NA,NA,0,0,0,NA,NA,1,0,1,0.7731876,0.7731876,0,0,0,NA,NA
sp75_523,14,0,14,0.8861446,0.9988054,10,0,10,0.8861446,0.9988054,10,0,10,0.9048018,0.9988054,8,0,8,0.9048018,0.9988054,4,0,4,0.8861446,0.9984968,2,0,2,0.8861446,0.9108901,1,0,1,0.9329336,0.9329336,0,0,0,NA,NA,13,0,13,0.8861446,0.9988054,10,0,10,0.8861446,0.9988054,5,0,5,0.9108901,0.9931894,4,0,4,0.9108901,0.9845869,6,0,6,0.8861446,0.9800312,4,0,4,0.8861446,0.9800312,3,0,3,0.9984968,0.9988054,2,0,2,0.9987959,0.9988054,4,0,4,0.912167,0.9987959,3,0,3,0.912167,0.9987959,6,0,6,0.8861446,0.9988054,5,0,5,0.8861446,0.9988054,3,0,3,0.9329336,0.9845869,2,0,2,0.9800312,0.9845869,1,0,1,0.9931894,0.9931894,0,0,0,NA,NA
sp75_523_3,16,0,16,0.8820046,0.9997389,6,0,6,0.8820046,0.9997389,8,0,8,0.8820046,0.9984139,4,0,4,0.8820046,0.9829949,8,0,8,0.9694077,0.9997389,2,0,2,0.9846268,0.9997389,8,0,8,0.8820046,0.9984139,3,0,3,0.8820046,0.9694034,8,0,8,0.9782696,0.9997389,3,0,3,0.9829949,0.9997389,10,0,10,0.8820046,0.9958474,5,0,5,0.8820046,0.9846268,3,0,3,0.8970437,0.9782696,0,0,0,NA,NA,3,0,3,0.9984139,0.9997389,1,0,1,0.9997389,0.9997389,6,0,6,0.8820046,0.9995985,2,0,2,0.8820046,0.9829949,2,0,2,0.90353,0.9884003,1,0,1,0.90353,0.90353,6,0,6,0.9694034,0.9997389,3,0,3,0.9694034,0.9997389,2,0,2,0.9707248,0.9815169,0,0,0,NA,NA
sp75_524,4,4,0,1.003865,1.262798,3,3,0,1.060538,1.262798,1,1,0,1.060538,1.060538,1,1,0,1.060538,1.060538,3,3,0,1.003865,1.262798,2,2,0,1.250586,1.262798,1,1,0,1.250586,1.250586,1,1,0,1.250586,1.250586,3,3,0,1.003865,1.262798,2,2,0,1.060538,1.262798,0,0,0,NA,NA,0,0,0,NA,NA,3,3,0,1.060538,1.262798,3,3,0,1.060538,1.262798,1,1,0,1.003865,1.003865,0,0,0,NA,NA,0,0,0,NA,NA,0,0,0,NA,NA,1,1,0,1.003865,1.003865,0,0,0,NA,NA,0,0,0,NA,NA,0,0,0,NA,NA,3,3,0,1.060538,1.262798,3,3,0,1.060538,1.262798
sp75_602,1,1,0,1.123089,1.123089,0,0,0,NA,NA,1,1,0,1.123089,1.123089,0,0,0,NA,NA,0,0,0,NA,NA,0,0,0,NA,NA,1,1,0,1.123089,1.123089,0,0,0,NA,NA,0,0,0,NA,NA,0,0,0,NA,NA,1,1,0,1.123089,1.123089,0,0,0,NA,NA,0,0,0,NA,NA,0,0,0,NA,NA,0,0,0,NA,NA,0,0,0,NA,NA,0,0,0,NA,NA,0,0,0,NA,NA,0,0,0,NA,NA,0,0,0,NA,NA,0,0,0,NA,NA,0,0,0,NA,NA,1,1,0,1.123089,1.123089,0,0,0,NA,NA
sp75_603,3,3,0,1.078252,1.133929,0,0,0,NA,NA,1,1,0,1.078252,1.078252,0,0,0,NA,NA,2,2,0,1.130849,1.133929,0,0,0,NA,NA,0,0,0,NA,NA,0,0,0,NA,NA,3,3,0,1.078252,1.133929,0,0,0,NA,NA,2,2,0,1.078252,1.130849,0,0,0,NA,NA,1,1,0,1.133929,1.133929,0,0,0,NA,NA,0,0,0,NA,NA,0,0,0,NA,NA,3,3,0,1.078252,1.133929,0,0,0,NA,NA,0,0,0,NA,NA,0,0,0,NA,NA,0,0,0,NA,NA,0,0,0,NA,NA,0,0,0,NA,NA,0,0,0,NA,NA
sp75_604,21,20,1,0.9999466,1.084388,9,9,0,1.000252,1.061678,10,10,0,1.000257,1.084388,4,4,0,1.00296,1.020022,11,10,1,0.9999466,1.061678,5,5,0,1.000252,1.061678,9,9,0,1.000257,1.084388,2,2,0,1.020022,1.061678,12,11,1,0.9999466,1.025448,7,7,0,1.000252,1.025448,12,12,0,1.00296,1.084388,7,7,0,1.00296,1.061678,4,4,0,1.003431,1.025448,1,1,0,1.025448,1.025448,5,4,1,0.9999466,1.000836,1,1,0,1.000252,1.000252,6,6,0,1.000825,1.084388,3,3,0,1.01083,1.061678,7,7,0,1.000252,1.047931,4,4,0,1.000252,1.025448,5,5,0,1.00296,1.030142,1,1,0,1.00296,1.00296,3,2,1,0.9999466,1.020022,1,1,0,1.020022,1.020022
sp75_605,3,3,0,1.001271,1.311841,0,0,0,NA,NA,2,2,0,1.001271,1.059219,0,0,0,NA,NA,1,1,0,1.311841,1.311841,0,0,0,NA,NA,3,3,0,1.001271,1.311841,0,0,0,NA,NA,0,0,0,NA,NA,0,0,0,NA,NA,0,0,0,NA,NA,0,0,0,NA,NA,2,2,0,1.059219,1.311841,0,0,0,NA,NA,1,1,0,1.001271,1.001271,0,0,0,NA,NA,1,1,0,1.311841,1.311841,0,0,0,NA,NA,0,0,0,NA,NA,0,0,0,NA,NA,0,0,0,NA,NA,0,0,0,NA,NA,2,2,0,1.001271,1.059219,0,0,0,NA,NA
sp75_606,5,0,5,0.8728909,0.9992566,2,0,2,0.9531565,0.9537513,5,0,5,0.8728909,0.9992566,2,0,2,0.9531565,0.9537513,0,0,0,NA,NA,0,0,0,NA,NA,5,0,5,0.8728909,0.9992566,2,0,2,0.9531565,0.9537513,0,0,0,NA,NA,0,0,0,NA,NA,2,0,2,0.8728909,0.9537513,1,0,1,0.9537513,0.9537513,2,0,2,0.9465436,0.9531565,1,0,1,0.9531565,0.9531565,1,0,1,0.9992566,0.9992566,0,0,0,NA,NA,0,0,0,NA,NA,0,0,0,NA,NA,1,0,1,0.8728909,0.8728909,0,0,0,NA,NA,3,0,3,0.9465436,0.9992566,1,0,1,0.9537513,0.9537513,1,0,1,0.9531565,0.9531565,1,0,1,0.9531565,0.9531565
sp75_607,4,2,2,0.9992823,1.311692,1,1,0,1.311692,1.311692,4,2,2,0.9992823,1.311692,1,1,0,1.311692,1.311692,0,0,0,NA,NA,0,0,0,NA,NA,2,2,0,1.00233,1.311692,1,1,0,1.311692,1.311692,2,0,2,0.9992823,0.9997873,0,0,0,NA,NA,0,0,0,NA,NA,0,0,0,NA,NA,1,1,0,1.311692,1.311692,1,1,0,1.311692,1.311692,3,1,2,0.9992823,1.00233,0,0,0,NA,NA,0,0,0,NA,NA,0,0,0,NA,NA,1,0,1,0.9992823,0.9992823,0,0,0,NA,NA,1,0,1,0.9997873,0.9997873,0,0,0,NA,NA,2,2,0,1.00233,1.311692,1,1,0,1.311692,1.311692
sp75_703_3,7,7,0,1.0007,1.241482,4,4,0,1.002254,1.241482,2,2,0,1.0007,1.052593,0,0,0,NA,NA,5,5,0,1.002254,1.241482,4,4,0,1.002254,1.241482,0,0,0,NA,NA,0,0,0,NA,NA,7,7,0,1.0007,1.241482,4,4,0,1.002254,1.241482,1,1,0,1.127481,1.127481,0,0,0,NA,NA,3,3,0,1.052593,1.241482,2,2,0,1.216585,1.241482,3,3,0,1.0007,1.002297,2,2,0,1.002254,1.002297,0,0,0,NA,NA,0,0,0,NA,NA,3,3,0,1.002254,1.216585,2,2,0,1.002254,1.216585,0,0,0,NA,NA,0,0,0,NA,NA,4,4,0,1.0007,1.241482,2,2,0,1.002297,1.241482
sp75_703_4,12,4,8,1.09e-07,1.713398,10,4,6,1.09e-07,1.713398,8,2,6,0.3915257,1.151006,6,2,4,0.5693692,1.151006,4,2,2,1.09e-07,1.713398,4,2,2,1.09e-07,1.713398,0,0,0,NA,NA,0,0,0,NA,NA,12,4,8,1.09e-07,1.713398,10,4,6,1.09e-07,1.713398,6,2,4,1.09e-07,1.713398,5,2,3,1.09e-07,1.713398,0,0,0,NA,NA,0,0,0,NA,NA,6,2,4,0.6568867,1.011047,5,2,3,0.6568867,1.011047,4,0,4,1.09e-07,0.9873218,2,0,2,1.09e-07,0.6568867,2,0,2,0.5693692,0.990762,2,0,2,0.5693692,0.990762,2,0,2,0.8249321,0.9969395,2,0,2,0.8249321,0.9969395,4,4,0,1.002494,1.713398,4,4,0,1.002494,1.713398
sp75_807,15,15,0,1.000043,1.14304,3,3,0,1.019098,1.031144,7,7,0,1.000043,1.14304,1,1,0,1.019098,1.019098,8,8,0,1.000147,1.103846,2,2,0,1.030355,1.031144,4,4,0,1.058158,1.14304,0,0,0,NA,NA,11,11,0,1.000043,1.046375,3,3,0,1.019098,1.031144,12,12,0,1.00185,1.14304,3,3,0,1.019098,1.031144,1,1,0,1.046375,1.046375,0,0,0,NA,NA,2,2,0,1.000043,1.000147,0,0,0,NA,NA,3,3,0,1.019098,1.138981,2,2,0,1.019098,1.030355,5,5,0,1.017023,1.14304,1,1,0,1.031144,1.031144,3,3,0,1.004676,1.058158,0,0,0,NA,NA,4,4,0,1.000043,1.006927,0,0,0,NA,NA
sp75_810,12,6,6,0.7386249,1.193079,3,1,2,0.957047,1.193079,6,0,6,0.7386249,0.998404,2,0,2,0.957047,0.998404,6,6,0,1.000906,1.193079,1,1,0,1.193079,1.193079,6,0,6,0.7386249,0.998404,2,0,2,0.957047,0.998404,6,6,0,1.000906,1.193079,1,1,0,1.193079,1.193079,6,2,4,0.7386249,1.117499,1,0,1,0.957047,0.957047,1,1,0,1.193079,1.193079,1,1,0,1.193079,1.193079,5,3,2,0.9977886,1.002348,1,0,1,0.998404,0.998404,3,2,1,0.7619791,1.117499,0,0,0,NA,NA,2,1,1,0.7386249,1.001134,0,0,0,NA,NA,5,3,2,0.9173519,1.193079,1,1,0,1.193079,1.193079,2,0,2,0.957047,0.998404,2,0,2,0.957047,0.998404
sp75_811,6,0,6,0.3031977,0.7623913,3,0,3,0.3031977,0.7623913,1,0,1,0.7623913,0.7623913,1,0,1,0.7623913,0.7623913,5,0,5,0.3031977,0.717108,2,0,2,0.3031977,0.4452134,4,0,4,0.3031977,0.6704307,2,0,2,0.3031977,0.4452134,2,0,2,0.717108,0.7623913,1,0,1,0.7623913,0.7623913,0,0,0,NA,NA,0,0,0,NA,NA,6,0,6,0.3031977,0.7623913,3,0,3,0.3031977,0.7623913,0,0,0,NA,NA,0,0,0,NA,NA,3,0,3,0.3031977,0.7623913,2,0,2,0.3031977,0.7623913,1,0,1,0.5117648,0.5117648,0,0,0,NA,NA,1,0,1,0.4452134,0.4452134,1,0,1,0.4452134,0.4452134,1,0,1,0.6704307,0.6704307,0,0,0,NA,NA
sp75_812,4,0,4,0.2176944,0.9992513,0,0,0,NA,NA,1,0,1,0.9992513,0.9992513,0,0,0,NA,NA,3,0,3,0.2176944,0.9970625,0,0,0,NA,NA,2,0,2,0.2176944,0.9864304,0,0,0,NA,NA,2,0,2,0.9970625,0.9992513,0,0,0,NA,NA,0,0,0,NA,NA,0,0,0,NA,NA,1,0,1,0.2176944,0.2176944,0,0,0,NA,NA,3,0,3,0.9864304,0.9992513,0,0,0,NA,NA,2,0,2,0.2176944,0.9864304,0,0,0,NA,NA,0,0,0,NA,NA,0,0,0,NA,NA,0,0,0,NA,NA,0,0,0,NA,NA,2,0,2,0.9970625,0.9992513,0,0,0,NA,NA
sp75_816,3,0,3,0.7982204,0.9976983,2,0,2,0.9954615,0.9976983,0,0,0,NA,NA,0,0,0,NA,NA,3,0,3,0.7982204,0.9976983,2,0,2,0.9954615,0.9976983,3,0,3,0.7982204,0.9976983,2,0,2,0.9954615,0.9976983,0,0,0,NA,NA,0,0,0,NA,NA,1,0,1,0.7982204,0.7982204,0,0,0,NA,NA,0,0,0,NA,NA,0,0,0,NA,NA,2,0,2,0.9954615,0.9976983,2,0,2,0.9954615,0.9976983,2,0,2,0.7982204,0.9954615,1,0,1,0.9954615,0.9954615,0,0,0,NA,NA,0,0,0,NA,NA,0,0,0,NA,NA,0,0,0,NA,NA,1,0,1,0.9976983,0.9976983,1,0,1,0.9976983,0.9976983
sp75_817,6,0,6,0.0757738,0.9678276,1,0,1,0.0757738,0.0757738,5,0,5,0.0757738,0.9678276,1,0,1,0.0757738,0.0757738,1,0,1,0.1964179,0.1964179,0,0,0,NA,NA,6,0,6,0.0757738,0.9678276,1,0,1,0.0757738,0.0757738,0,0,0,NA,NA,0,0,0,NA,NA,4,0,4,0.0757738,0.3702915,1,0,1,0.0757738,0.0757738,0,0,0,NA,NA,0,0,0,NA,NA,2,0,2,0.9618213,0.9678276,0,0,0,NA,NA,2,0,2,0.1112162,0.9678276,0,0,0,NA,NA,3,0,3,0.0757738,0.9618213,1,0,1,0.0757738,0.0757738,1,0,1,0.3702915,0.3702915,0,0,0,NA,NA,0,0,0,NA,NA,0,0,0,NA,NA
sp75_906,15,0,15,0.1753099,0.9949435,8,0,8,0.1753099,0.9938108,7,0,7,0.1753099,0.9938108,4,0,4,0.1753099,0.9938108,8,0,8,0.3885275,0.9949435,4,0,4,0.3885275,0.7516021,2,0,2,0.1753099,0.5143404,1,0,1,0.1753099,0.1753099,13,0,13,0.3885275,0.9949435,7,0,7,0.3885275,0.9938108,6,0,6,0.5143404,0.9185158,3,0,3,0.5893558,0.7516021,7,0,7,0.1753099,0.9118434,4,0,4,0.1753099,0.4461879,2,0,2,0.9938108,0.9949435,1,0,1,0.9938108,0.9938108,5,0,5,0.1753099,0.9938108,5,0,5,0.1753099,0.9938108,3,0,3,0.3885275,0.7249166,2,0,2,0.3885275,0.5893558,5,0,5,0.5143404,0.9949435,1,0,1,0.7516021,0.7516021,2,0,2,0.6438212,0.9118434,0,0,0,NA,NA
